name,iptm,ptm,chain_iptm_A,chain_iptm_B,chain_ptm_A,chain_ptm_B,chain_pair_pae_min_AB,chain_pair_pae_min_BA
fold_binder_11_top_1_model_0,0.29,0.66,0.29,0.29,0.62,0.81,8.3,7.12
fold_binder_11_top_1_model_1,0.2,0.62,0.2,0.2,0.6,0.8,10.05,8.82
fold_binder_11_top_1_model_2,0.19,0.63,0.19,0.19,0.61,0.81,12.65,9.75
fold_binder_11_top_1_model_3,0.18,0.62,0.18,0.18,0.62,0.8,13.08,9.97
fold_binder_11_top_1_model_4,0.17,0.61,0.17,0.17,0.6,0.8,13.26,9.85
fold_binder_11_top_2_model_0,0.6,0.78,0.6,0.6,0.52,0.87,4.56,3.59
fold_binder_11_top_2_model_1,0.59,0.76,0.59,0.59,0.49,0.86,4.81,3.85
fold_binder_11_top_2_model_2,0.55,0.76,0.55,0.55,0.49,0.87,5.35,4.03
fold_binder_11_top_2_model_3,0.55,0.75,0.55,0.55,0.47,0.86,4.87,4.03
fold_binder_11_top_2_model_4,0.51,0.76,0.51,0.51,0.48,0.87,5.29,4.26
fold_binder_11_top_3_model_0,0.22,0.64,0.22,0.22,0.5,0.82,10.84,8.34
fold_binder_11_top_3_model_1,0.26,0.65,0.26,0.26,0.52,0.81,9.63,7.93
fold_binder_11_top_3_model_2,0.22,0.64,0.22,0.22,0.51,0.81,11.21,8.69
fold_binder_11_top_3_model_3,0.2,0.63,0.2,0.2,0.5,0.81,11.55,9.02
fold_binder_11_top_3_model_4,0.17,0.63,0.17,0.17,0.45,0.81,11.95,10.25
fold_binder_11_top_4_model_0,0.26,0.65,0.26,0.26,0.48,0.81,9.4,7.72
fold_binder_11_top_4_model_1,0.24,0.65,0.24,0.24,0.48,0.82,9.48,7.94
fold_binder_11_top_4_model_2,0.23,0.65,0.23,0.23,0.48,0.83,9.75,7.99
fold_binder_11_top_4_model_3,0.23,0.64,0.23,0.23,0.47,0.81,10.52,8.62
fold_binder_11_top_4_model_4,0.21,0.64,0.21,0.21,0.47,0.81,10.97,9.01
fold_binder_11_top_5_model_0,0.45,0.72,0.45,0.45,0.66,0.82,4.88,4.31
fold_binder_11_top_5_model_1,0.44,0.72,0.44,0.44,0.65,0.83,4.79,4.07
fold_binder_11_top_5_model_2,0.42,0.71,0.42,0.42,0.65,0.83,4.75,4.19
fold_binder_11_top_5_model_3,0.41,0.71,0.41,0.41,0.65,0.82,5.23,4.65
fold_binder_11_top_5_model_4,0.41,0.71,0.41,0.41,0.65,0.82,5.14,4.39
fold_binder_13_top_1_model_0,0.22,0.63,0.22,0.22,0.76,0.84,11.42,8.92
fold_binder_13_top_1_model_1,0.18,0.62,0.18,0.18,0.74,0.84,12.46,10.15
fold_binder_13_top_1_model_2,0.17,0.62,0.17,0.17,0.73,0.85,12.37,9.85
fold_binder_13_top_1_model_3,0.16,0.61,0.16,0.16,0.76,0.84,13.08,11.39
fold_binder_13_top_1_model_4,0.16,0.61,0.16,0.16,0.75,0.84,13.0,11.08
fold_binder_13_top_2_model_0,0.3,0.64,0.3,0.3,0.69,0.84,8.33,7.4
fold_binder_13_top_2_model_1,0.26,0.64,0.26,0.26,0.72,0.84,8.23,7.3
fold_binder_13_top_2_model_2,0.25,0.64,0.25,0.25,0.7,0.83,8.25,7.14
fold_binder_13_top_2_model_3,0.22,0.63,0.22,0.22,0.7,0.84,9.66,8.45
fold_binder_13_top_2_model_4,0.2,0.63,0.2,0.2,0.66,0.84,9.68,8.87
fold_binder_13_top_3_model_0,0.34,0.68,0.34,0.34,0.79,0.86,9.91,7.74
fold_binder_13_top_3_model_1,0.34,0.67,0.34,0.34,0.77,0.86,9.76,7.81
fold_binder_13_top_3_model_2,0.33,0.67,0.33,0.33,0.79,0.85,10.93,7.93
fold_binder_13_top_3_model_3,0.28,0.66,0.28,0.28,0.78,0.85,10.73,8.35
fold_binder_13_top_3_model_4,0.2,0.61,0.2,0.2,0.77,0.84,13.32,10.87
fold_binder_13_top_4_model_0,0.42,0.69,0.42,0.42,0.77,0.84,3.82,4.78
fold_binder_13_top_4_model_1,0.37,0.68,0.37,0.37,0.77,0.83,5.59,5.64
fold_binder_13_top_4_model_2,0.36,0.67,0.36,0.36,0.76,0.84,5.67,5.84
fold_binder_13_top_4_model_3,0.32,0.66,0.32,0.32,0.75,0.83,5.34,5.72
fold_binder_13_top_4_model_4,0.32,0.66,0.32,0.32,0.75,0.83,5.18,5.77
fold_binder_13_top_5_model_0,0.28,0.66,0.28,0.28,0.62,0.86,9.66,7.95
fold_binder_13_top_5_model_1,0.28,0.64,0.28,0.28,0.64,0.83,9.68,8.06
fold_binder_13_top_5_model_2,0.28,0.64,0.28,0.28,0.62,0.83,10.0,7.86
fold_binder_13_top_5_model_3,0.25,0.64,0.25,0.25,0.62,0.84,10.19,8.18
fold_binder_13_top_5_model_4,0.22,0.62,0.22,0.22,0.65,0.84,9.38,7.97
fold_binder_14_top_1_model_0,0.36,0.63,0.36,0.36,0.84,0.84,11.58,10.09
fold_binder_14_top_1_model_1,0.35,0.62,0.35,0.35,0.84,0.83,11.9,10.15
fold_binder_14_top_1_model_2,0.34,0.62,0.34,0.34,0.84,0.83,12.14,10.47
fold_binder_14_top_1_model_3,0.32,0.61,0.32,0.32,0.84,0.82,12.92,11.15
fold_binder_14_top_1_model_4,0.32,0.61,0.32,0.32,0.84,0.83,11.81,10.9
fold_binder_14_top_2_model_0,0.44,0.66,0.44,0.44,0.84,0.82,6.54,6.49
fold_binder_14_top_2_model_1,0.37,0.63,0.37,0.37,0.83,0.82,7.35,7.48
fold_binder_14_top_2_model_2,0.29,0.61,0.29,0.29,0.82,0.82,9.08,8.41
fold_binder_14_top_2_model_3,0.26,0.6,0.26,0.26,0.82,0.82,8.66,8.73
fold_binder_14_top_2_model_4,0.25,0.59,0.25,0.25,0.83,0.82,8.35,8.2
fold_binder_14_top_3_model_0,0.37,0.64,0.37,0.37,0.86,0.83,6.45,6.76
fold_binder_14_top_3_model_1,0.32,0.62,0.32,0.32,0.85,0.82,5.93,6.96
fold_binder_14_top_3_model_2,0.23,0.57,0.23,0.23,0.86,0.82,6.56,7.07
fold_binder_14_top_3_model_3,0.23,0.57,0.23,0.23,0.86,0.82,6.28,7.25
fold_binder_14_top_3_model_4,0.22,0.57,0.22,0.22,0.86,0.82,6.56,7.25
fold_binder_14_top_4_model_0,0.33,0.63,0.33,0.33,0.78,0.84,9.22,7.87
fold_binder_14_top_4_model_1,0.32,0.62,0.32,0.32,0.78,0.83,9.54,7.82
fold_binder_14_top_4_model_2,0.31,0.62,0.31,0.31,0.77,0.83,9.23,8.35
fold_binder_14_top_4_model_3,0.31,0.62,0.31,0.31,0.76,0.83,9.75,8.23
fold_binder_14_top_4_model_4,0.31,0.62,0.31,0.31,0.76,0.83,9.66,8.25
fold_binder_14_top_5_model_0,0.23,0.58,0.23,0.23,0.67,0.82,11.03,8.97
fold_binder_14_top_5_model_1,0.23,0.59,0.23,0.23,0.69,0.83,11.7,9.27
fold_binder_14_top_5_model_2,0.22,0.58,0.22,0.22,0.69,0.83,12.17,9.83
fold_binder_14_top_5_model_3,0.21,0.58,0.21,0.21,0.66,0.83,12.36,10.05
fold_binder_14_top_5_model_4,0.16,0.55,0.16,0.16,0.71,0.82,13.41,10.3
fold_binder_15_top_1_model_0,0.37,0.7,0.37,0.37,0.59,0.83,6.24,5.57
fold_binder_15_top_1_model_1,0.36,0.7,0.36,0.36,0.57,0.84,6.14,5.56
fold_binder_15_top_1_model_2,0.35,0.7,0.35,0.35,0.56,0.83,6.43,5.77
fold_binder_15_top_1_model_3,0.34,0.69,0.34,0.34,0.57,0.83,6.02,5.73
fold_binder_15_top_1_model_4,0.33,0.7,0.33,0.33,0.59,0.84,6.32,6.04
fold_binder_15_top_2_model_0,0.7,0.81,0.7,0.7,0.7,0.84,2.33,2.75
fold_binder_15_top_2_model_1,0.69,0.81,0.69,0.69,0.7,0.84,2.46,2.88
fold_binder_15_top_2_model_2,0.66,0.79,0.66,0.66,0.69,0.83,2.86,3.25
fold_binder_15_top_2_model_3,0.65,0.79,0.65,0.65,0.69,0.83,2.89,3.33
fold_binder_15_top_2_model_4,0.63,0.78,0.63,0.63,0.68,0.82,3.07,3.38
fold_binder_15_top_3_model_0,0.79,0.87,0.79,0.79,0.71,0.87,1.91,1.59
fold_binder_15_top_3_model_1,0.79,0.86,0.79,0.79,0.72,0.86,1.7,1.67
fold_binder_15_top_3_model_2,0.78,0.85,0.78,0.78,0.72,0.85,1.65,1.71
fold_binder_15_top_3_model_3,0.76,0.85,0.76,0.76,0.69,0.85,2.07,1.89
fold_binder_15_top_3_model_4,0.75,0.84,0.75,0.75,0.71,0.85,2.01,2.02
fold_binder_15_top_4_model_0,0.65,0.81,0.65,0.65,0.69,0.85,2.85,3.02
fold_binder_15_top_4_model_1,0.55,0.77,0.55,0.55,0.66,0.84,3.85,3.62
fold_binder_15_top_4_model_2,0.54,0.76,0.54,0.54,0.66,0.83,4.11,3.92
fold_binder_15_top_4_model_3,0.47,0.74,0.47,0.47,0.64,0.82,4.72,4.6
fold_binder_15_top_4_model_4,0.41,0.71,0.41,0.41,0.64,0.82,5.21,5.28
fold_binder_15_top_5_model_0,0.85,0.89,0.85,0.85,0.76,0.87,1.02,1.14
fold_binder_15_top_5_model_1,0.84,0.88,0.84,0.84,0.76,0.87,1.07,1.19
fold_binder_15_top_5_model_2,0.84,0.88,0.84,0.84,0.76,0.86,1.09,1.24
fold_binder_15_top_5_model_3,0.83,0.87,0.83,0.83,0.76,0.86,1.1,1.21
fold_binder_15_top_5_model_4,0.83,0.87,0.83,0.83,0.76,0.86,1.11,1.24
fold_binder_17_top_1_model_0,0.31,0.67,0.31,0.31,0.37,0.81,8.77,6.18
fold_binder_17_top_1_model_1,0.24,0.66,0.24,0.24,0.38,0.82,10.84,7.24
fold_binder_17_top_1_model_2,0.24,0.66,0.24,0.24,0.37,0.82,11.23,8.47
fold_binder_17_top_1_model_3,0.23,0.65,0.23,0.23,0.36,0.82,10.03,7.62
fold_binder_17_top_1_model_4,0.21,0.65,0.21,0.21,0.35,0.82,10.16,7.85
fold_binder_17_top_2_model_0,0.37,0.7,0.37,0.37,0.48,0.83,6.26,5.46
fold_binder_17_top_2_model_1,0.33,0.69,0.33,0.33,0.45,0.83,6.27,5.7
fold_binder_17_top_2_model_2,0.33,0.68,0.33,0.33,0.45,0.82,6.55,5.67
fold_binder_17_top_2_model_3,0.27,0.66,0.27,0.27,0.43,0.82,7.74,6.62
fold_binder_17_top_2_model_4,0.26,0.67,0.26,0.26,0.38,0.83,8.65,6.38
fold_binder_17_top_3_model_0,0.28,0.68,0.28,0.28,0.4,0.83,9.73,7.12
fold_binder_17_top_3_model_1,0.28,0.67,0.28,0.28,0.4,0.82,10.14,7.09
fold_binder_17_top_3_model_2,0.28,0.68,0.28,0.28,0.42,0.83,9.23,7.07
fold_binder_17_top_3_model_3,0.28,0.68,0.28,0.28,0.4,0.83,9.86,7.66
fold_binder_17_top_3_model_4,0.25,0.66,0.25,0.25,0.39,0.83,11.02,8.15
fold_binder_17_top_4_model_0,0.34,0.69,0.34,0.34,0.48,0.82,7.31,5.61
fold_binder_17_top_4_model_1,0.28,0.67,0.28,0.28,0.39,0.82,8.1,5.93
fold_binder_17_top_4_model_2,0.3,0.68,0.3,0.3,0.43,0.83,8.36,5.86
fold_binder_17_top_4_model_3,0.29,0.67,0.29,0.29,0.46,0.82,8.09,5.87
fold_binder_17_top_4_model_4,0.29,0.67,0.29,0.29,0.45,0.82,8.0,6.2
fold_binder_17_top_5_model_0,0.6,0.77,0.6,0.6,0.53,0.82,3.33,2.99
fold_binder_17_top_5_model_1,0.58,0.77,0.58,0.58,0.52,0.82,3.6,3.27
fold_binder_17_top_5_model_2,0.58,0.75,0.58,0.58,0.52,0.81,3.8,3.62
fold_binder_17_top_5_model_3,0.54,0.75,0.54,0.54,0.49,0.82,4.44,3.79
fold_binder_17_top_5_model_4,0.53,0.75,0.53,0.53,0.47,0.82,4.63,3.63
fold_binder_19_top_1_model_0,0.74,0.82,0.74,0.74,0.84,0.82,1.69,2.03
fold_binder_19_top_1_model_1,0.74,0.81,0.74,0.74,0.83,0.82,1.69,2.02
fold_binder_19_top_1_model_2,0.73,0.81,0.73,0.73,0.84,0.82,1.79,2.11
fold_binder_19_top_1_model_3,0.7,0.79,0.7,0.7,0.84,0.81,1.97,2.2
fold_binder_19_top_1_model_4,0.7,0.79,0.7,0.7,0.84,0.81,2.01,2.2
fold_binder_19_top_2_model_0,0.47,0.68,0.47,0.47,0.84,0.86,3.64,3.77
fold_binder_19_top_2_model_1,0.47,0.68,0.47,0.47,0.83,0.86,3.62,3.74
fold_binder_19_top_2_model_2,0.46,0.68,0.46,0.46,0.83,0.86,3.71,3.97
fold_binder_19_top_2_model_3,0.42,0.66,0.42,0.42,0.83,0.85,4.01,3.8
fold_binder_19_top_2_model_4,0.4,0.64,0.4,0.4,0.83,0.85,4.16,4.79
fold_binder_19_top_3_model_0,0.4,0.63,0.4,0.4,0.86,0.85,8.59,6.41
fold_binder_19_top_3_model_1,0.39,0.63,0.39,0.39,0.86,0.86,9.07,6.65
fold_binder_19_top_3_model_2,0.37,0.62,0.37,0.37,0.87,0.86,9.14,6.42
fold_binder_19_top_3_model_3,0.35,0.61,0.35,0.35,0.86,0.85,9.16,6.97
fold_binder_19_top_3_model_4,0.33,0.61,0.33,0.33,0.87,0.86,11.28,8.52
fold_binder_19_top_4_model_0,0.27,0.59,0.27,0.27,0.83,0.84,8.96,8.12
fold_binder_19_top_4_model_1,0.25,0.58,0.25,0.25,0.83,0.83,8.85,8.29
fold_binder_19_top_4_model_2,0.23,0.56,0.23,0.23,0.83,0.83,10.07,8.5
fold_binder_19_top_4_model_3,0.23,0.57,0.23,0.23,0.83,0.83,9.68,8.62
fold_binder_19_top_4_model_4,0.21,0.56,0.21,0.21,0.83,0.84,9.91,9.08
fold_binder_19_top_5_model_0,0.51,0.7,0.51,0.51,0.87,0.87,4.85,4.38
fold_binder_19_top_5_model_1,0.43,0.66,0.43,0.43,0.87,0.85,5.73,5.36
fold_binder_19_top_5_model_2,0.4,0.64,0.4,0.4,0.87,0.85,6.19,5.8
fold_binder_19_top_5_model_3,0.38,0.64,0.38,0.38,0.87,0.85,6.57,6.4
fold_binder_19_top_5_model_4,0.32,0.61,0.32,0.32,0.87,0.84,7.61,7.42
fold_binder_1_top_1_model_0,0.37,0.64,0.37,0.37,0.7,0.84,6.87,6.35
fold_binder_1_top_1_model_1,0.36,0.63,0.36,0.36,0.7,0.82,6.83,6.43
fold_binder_1_top_1_model_2,0.37,0.62,0.37,0.37,0.68,0.82,7.05,6.52
fold_binder_1_top_1_model_3,0.33,0.62,0.33,0.33,0.68,0.82,7.26,6.89
fold_binder_1_top_1_model_4,0.32,0.6,0.32,0.32,0.68,0.8,7.26,7.34
fold_binder_1_top_2_model_0,0.45,0.68,0.45,0.45,0.69,0.84,6.5,5.16
fold_binder_1_top_2_model_1,0.39,0.65,0.39,0.39,0.69,0.83,7.85,6.58
fold_binder_1_top_2_model_2,0.31,0.62,0.31,0.31,0.7,0.82,9.09,7.7
fold_binder_1_top_2_model_3,0.31,0.62,0.31,0.31,0.69,0.83,8.01,8.08
fold_binder_1_top_2_model_4,0.27,0.6,0.27,0.27,0.68,0.83,9.96,9.5
fold_binder_1_top_3_model_0,0.36,0.61,0.36,0.36,0.32,0.83,7.63,7.39
fold_binder_1_top_3_model_1,0.15,0.55,0.15,0.15,0.24,0.8,13.35,11.66
fold_binder_1_top_3_model_2,0.18,0.55,0.18,0.18,0.29,0.79,12.0,10.79
fold_binder_1_top_3_model_3,0.17,0.56,0.17,0.17,0.27,0.81,13.09,9.93
fold_binder_1_top_3_model_4,0.17,0.55,0.17,0.17,0.25,0.8,12.36,10.69
fold_binder_1_top_4_model_0,0.7,0.74,0.7,0.7,0.55,0.84,2.03,2.1
fold_binder_1_top_4_model_1,0.71,0.76,0.71,0.71,0.59,0.84,2.03,2.01
fold_binder_1_top_4_model_2,0.72,0.76,0.72,0.72,0.57,0.86,1.78,1.94
fold_binder_1_top_4_model_3,0.71,0.75,0.71,0.71,0.57,0.84,1.92,2.13
fold_binder_1_top_4_model_4,0.67,0.74,0.67,0.67,0.57,0.84,2.52,2.58
fold_binder_1_top_5_model_0,0.3,0.6,0.3,0.3,0.7,0.81,9.24,8.44
fold_binder_1_top_5_model_1,0.29,0.6,0.29,0.29,0.68,0.82,9.51,8.4
fold_binder_1_top_5_model_2,0.24,0.58,0.24,0.24,0.67,0.81,11.67,9.95
fold_binder_1_top_5_model_3,0.19,0.57,0.19,0.19,0.65,0.82,10.56,9.65
fold_binder_1_top_5_model_4,0.19,0.56,0.19,0.19,0.56,0.82,11.87,10.56
fold_binder_3_top_1_model_0,0.22,0.59,0.22,0.22,0.87,0.82,15.62,11.76
fold_binder_3_top_1_model_1,0.22,0.59,0.22,0.22,0.87,0.83,16.1,11.67
fold_binder_3_top_1_model_2,0.22,0.58,0.22,0.22,0.87,0.81,15.79,11.63
fold_binder_3_top_1_model_3,0.21,0.58,0.21,0.21,0.87,0.82,16.22,11.81
fold_binder_3_top_1_model_4,0.2,0.58,0.2,0.2,0.87,0.82,16.33,12.12
fold_binder_3_top_2_model_0,0.45,0.68,0.45,0.45,0.86,0.83,8.36,7.76
fold_binder_3_top_2_model_1,0.43,0.67,0.43,0.43,0.86,0.82,9.23,8.17
fold_binder_3_top_2_model_2,0.41,0.66,0.41,0.41,0.86,0.82,9.51,8.17
fold_binder_3_top_2_model_3,0.4,0.66,0.4,0.4,0.85,0.82,10.2,8.63
fold_binder_3_top_2_model_4,0.39,0.65,0.39,0.39,0.86,0.82,10.15,8.81
fold_binder_3_top_3_model_0,0.2,0.58,0.2,0.2,0.86,0.82,13.94,10.02
fold_binder_3_top_3_model_1,0.19,0.58,0.19,0.19,0.84,0.83,12.46,9.9
fold_binder_3_top_3_model_2,0.17,0.57,0.17,0.17,0.85,0.83,14.23,11.03
fold_binder_3_top_3_model_3,0.16,0.57,0.16,0.16,0.85,0.82,15.26,10.83
fold_binder_3_top_3_model_4,0.16,0.56,0.16,0.16,0.85,0.81,13.64,11.04
fold_binder_3_top_4_model_0,0.26,0.59,0.26,0.26,0.87,0.82,8.91,8.84
fold_binder_3_top_4_model_1,0.21,0.58,0.21,0.21,0.84,0.83,12.62,10.15
fold_binder_3_top_4_model_2,0.19,0.57,0.19,0.19,0.86,0.82,13.53,10.73
fold_binder_3_top_4_model_3,0.19,0.57,0.19,0.19,0.86,0.83,13.71,10.75
fold_binder_3_top_4_model_4,0.17,0.57,0.17,0.17,0.85,0.83,13.35,10.54
fold_binder_3_top_5_model_0,0.69,0.79,0.69,0.69,0.86,0.84,2.36,2.32
fold_binder_3_top_5_model_1,0.64,0.75,0.64,0.64,0.85,0.82,2.72,2.99
fold_binder_3_top_5_model_2,0.6,0.73,0.6,0.6,0.85,0.82,3.22,2.92
fold_binder_3_top_5_model_3,0.58,0.72,0.58,0.58,0.85,0.83,3.4,3.22
fold_binder_3_top_5_model_4,0.56,0.71,0.56,0.56,0.85,0.82,3.26,3.36
fold_binder_8_top_1_model_0,0.24,0.6,0.24,0.24,0.64,0.84,12.19,9.08
fold_binder_8_top_1_model_1,0.21,0.58,0.21,0.21,0.62,0.83,12.57,9.49
fold_binder_8_top_1_model_2,0.19,0.57,0.19,0.19,0.6,0.82,13.34,9.62
fold_binder_8_top_1_model_3,0.17,0.57,0.17,0.17,0.59,0.83,13.64,10.55
fold_binder_8_top_1_model_4,0.17,0.57,0.17,0.17,0.58,0.83,12.93,10.42
fold_binder_8_top_2_model_0,0.23,0.59,0.23,0.23,0.81,0.84,11.06,8.98
fold_binder_8_top_2_model_1,0.2,0.59,0.2,0.2,0.78,0.84,11.32,9.52
fold_binder_8_top_2_model_2,0.2,0.59,0.2,0.2,0.81,0.84,11.27,9.94
fold_binder_8_top_2_model_3,0.2,0.59,0.2,0.2,0.8,0.85,11.82,10.09
fold_binder_8_top_2_model_4,0.19,0.58,0.19,0.19,0.8,0.83,11.21,9.9
fold_binder_8_top_3_model_0,0.78,0.83,0.78,0.78,0.83,0.85,1.5,1.57
fold_binder_8_top_3_model_1,0.78,0.83,0.78,0.78,0.83,0.85,1.43,1.47
fold_binder_8_top_3_model_2,0.78,0.83,0.78,0.78,0.83,0.86,1.55,1.51
fold_binder_8_top_3_model_3,0.77,0.82,0.77,0.77,0.82,0.85,1.54,1.55
fold_binder_8_top_3_model_4,0.77,0.82,0.77,0.77,0.82,0.85,1.48,1.5
fold_binder_8_top_4_model_0,0.24,0.58,0.24,0.24,0.86,0.81,11.26,10.88
fold_binder_8_top_4_model_1,0.24,0.58,0.24,0.24,0.86,0.81,11.19,10.79
fold_binder_8_top_4_model_2,0.23,0.58,0.23,0.23,0.86,0.81,11.67,10.55
fold_binder_8_top_4_model_3,0.23,0.58,0.23,0.23,0.86,0.81,11.61,10.82
fold_binder_8_top_4_model_4,0.23,0.58,0.23,0.23,0.86,0.81,11.24,10.94
fold_binder_8_top_5_model_0,0.32,0.64,0.32,0.32,0.76,0.85,9.18,7.81
fold_binder_8_top_5_model_1,0.27,0.62,0.27,0.27,0.74,0.85,10.08,8.41
fold_binder_8_top_5_model_2,0.23,0.6,0.23,0.23,0.76,0.84,11.16,9.51
fold_binder_8_top_5_model_3,0.22,0.59,0.22,0.22,0.76,0.83,11.66,9.81
fold_binder_8_top_5_model_4,0.2,0.58,0.2,0.2,0.74,0.84,11.62,9.54
fold_binder_9_top_1_model_0,0.25,0.58,0.25,0.25,0.63,0.81,10.4,9.17
fold_binder_9_top_1_model_1,0.24,0.58,0.24,0.24,0.65,0.82,11.28,9.02
fold_binder_9_top_1_model_2,0.24,0.58,0.24,0.24,0.64,0.82,10.55,9.56
fold_binder_9_top_1_model_3,0.24,0.58,0.24,0.24,0.65,0.82,11.07,8.32
fold_binder_9_top_1_model_4,0.21,0.57,0.21,0.21,0.63,0.84,11.78,8.84
fold_binder_9_top_2_model_0,0.21,0.56,0.21,0.21,0.8,0.82,12.36,11.16
fold_binder_9_top_2_model_1,0.2,0.55,0.2,0.2,0.8,0.81,12.91,11.65
fold_binder_9_top_2_model_2,0.18,0.55,0.18,0.18,0.8,0.81,12.48,10.74
fold_binder_9_top_2_model_3,0.18,0.54,0.18,0.18,0.8,0.81,14.03,11.49
fold_binder_9_top_2_model_4,0.18,0.55,0.18,0.18,0.8,0.82,12.24,10.34
fold_binder_9_top_3_model_0,0.42,0.66,0.42,0.42,0.75,0.84,5.62,5.13
fold_binder_9_top_3_model_1,0.39,0.65,0.39,0.39,0.73,0.84,5.75,5.92
fold_binder_9_top_3_model_2,0.37,0.64,0.37,0.37,0.71,0.84,6.31,6.07
fold_binder_9_top_3_model_3,0.36,0.63,0.36,0.36,0.73,0.83,6.77,6.16
fold_binder_9_top_3_model_4,0.31,0.61,0.31,0.31,0.71,0.83,7.47,7.56
fold_binder_9_top_4_model_0,0.23,0.56,0.23,0.23,0.56,0.82,13.0,11.36
fold_binder_9_top_4_model_1,0.22,0.56,0.22,0.22,0.56,0.82,13.26,11.63
fold_binder_9_top_4_model_2,0.21,0.55,0.21,0.21,0.56,0.82,14.11,13.1
fold_binder_9_top_4_model_3,0.15,0.53,0.15,0.15,0.52,0.82,18.64,13.91
fold_binder_9_top_4_model_4,0.14,0.53,0.14,0.14,0.56,0.81,18.79,14.54
fold_binder_9_top_5_model_0,0.62,0.75,0.62,0.62,0.8,0.83,2.32,2.86
fold_binder_9_top_5_model_1,0.62,0.75,0.62,0.62,0.79,0.84,2.38,2.7
fold_binder_9_top_5_model_2,0.62,0.74,0.62,0.62,0.8,0.83,2.38,2.76
fold_binder_9_top_5_model_3,0.6,0.73,0.6,0.6,0.79,0.83,2.59,3.01
fold_binder_9_top_5_model_4,0.58,0.73,0.58,0.58,0.78,0.83,2.59,3.15
